<?xml version="1.0" encoding="UTF-8"?>

<!DOCTYPE hibernate-mapping PUBLIC
          "-//Hibernate/Hibernate Mapping DTD 3.0//EN"
          "http://hibernate.sourceforge.net/hibernate-mapping-3.0.dtd">

<hibernate-mapping>
   <class name="entities.AuthenticationDetails" table="AUTHENTICATION_DETAILS">
      <id name="custId" type="int" column="CUST_ID">
         <generator class="assigned" />
      </id>

	<property name="accNo" type="int">
		<column name="ACCOUNT_NO" />
	</property>
	<property name="mobileNo">
		<column name="MOBILE_NO" />
	</property>
	<property name="emailId">
		<column name="EMAIL_ID" />
	</property>
	<property name="password">
		<column name="PASSWORD" />
	</property>
	 </class>

</hibernate-mapping>
