<?xml version="1.0" encoding="UTF-8"?>

<!DOCTYPE hibernate-mapping PUBLIC
          "-//Hibernate/Hibernate Mapping DTD 3.0//EN"
          "http://hibernate.sourceforge.net/hibernate-mapping-3.0.dtd">

<hibernate-mapping>
   <class name="entities.IfscCodes" table="IFSC_DETAILS">
      <id name="branchCity" column="BRANCH_CITY">
         <generator class="assigned" />
      </id>

	<property name="ifscCode">
		<column name="IFSC_CODE" />
	</property>
	 </class>

</hibernate-mapping>
