<?xml version="1.0" encoding="UTF-8"?>

<!DOCTYPE hibernate-mapping PUBLIC
          "-//Hibernate/Hibernate Mapping DTD 3.0//EN"
          "http://hibernate.sourceforge.net/hibernate-mapping-3.0.dtd">

<hibernate-mapping>
   <class name="entities.ValidationDetails" table="VALIDATION_DETAILS">
      <id name="aadharNo" column="AADHAR_NO">
         <generator class="assigned" />
      </id>

	<property name="panNo">
		<column name="PAN_NO" />
	</property>
	<property name="status" >
		<column name="STATUS" />
	</property>
	
	<property name="custName">
		<column name="CUST_NAME" />
	</property>
	
	 </class>

</hibernate-mapping>
